FL_DATE,OP_CARRIER,FLL,CRS_DEP_TIME,DEP_TIME,DEP_DELAY,ARR_TIME,ARR_DELAY,ACTUAL_ELAPSED_TIME,DISTANCE
1/1/2018,9E,ORF,1240,1232,-8,1357,-22,85,386
1/1/2018,9E,DFW,1330,1354,24,1519,24,85,292
1/1/2018,9E,STL,600,553,-7,835,-10,102,503
1/1/2018,9E,MIA,1208,1216,8,1313,7,57,152
1/1/2018,9E,TLH,1330,1321,-9,1447,7,86,152
1/1/2018,9E,ORD,1730,1734,4,1819,-10,45,152
1/1/2018,9E,MLI,2031,2024,-7,2126,-9,62,208
1/1/2018,9E,ORD,1200,1158,-2,1436,44,158,537
1/1/2018,9E,MIA,1300,1250,-10,1357,-23,67,238
1/1/2018,9E,TLH,555,610,15,912,8,122,565
1/1/2018,9E,ORD,1500,1511,11,1725,2,74,302
1/1/2018,9E,TUL,820,815,-5,926,-14,71,300
1/1/2018,9E,ABQ,1005,955,-10,1224,54,149,300
1/1/2018,9E,ORD,1710,1811,61,1828,54,77,302
1/1/2018,9E,ORD,1005,1051,46,1239,27,108,461
1/1/2018,9E,AEX,1900,1854,-6,2118,-7,144,961
1/1/2018,9E,CHO,1347,1349,2,1437,-9,48,145
1/1/2018,9E,ORD,1110,1108,-2,1207,-13,59,238
1/1/2018,9E,ORD,1725,1723,-2,1826,-5,63,94
1/1/2018,9E,SDF,1840,1835,-5,1937,-21,62,184
1/1/2018,9E,ALB,1610,1614,4,1724,-10,70,377
1/1/2018,9E,FLL,836,830,-6,938,-10,68,152
1/1/2018,9E,PHL,855,850,-5,943,-15,53,164
1/1/2018,9E,FLL,1042,1108,26,1209,19,61,164
1/1/2018,9E,PHL,1217,1248,31,1501,86,133,331
1/1/2018,9E,BOS,1400,1530,90,1654,75,84,331
1/1/2018,9E,BOS,545,629,44,925,25,176,961
1/1/2018,9E,BWI,600,554,-6,826,-24,92,500
1/1/2018,9E,BOS,2220,2210,-10,2320,-16,70,300
1/1/2018,9E,MYR,1535,1540,5,1713,-14,93,508
1/1/2018,9E,BWI,812,804,-8,1003,-26,119,833
1/1/2018,9E,LAS,1346,1350,4,1639,-12,109,689
1/1/2018,9E,SEA,1424,1503,39,1732,23,89,500
1/1/2018,9E,CLE,1309,1404,55,1442,43,98,500
1/1/2018,9E,LAS,1530,1537,7,1558,-11,81,346
1/1/2018,9E,SAN,600,557,-3,1009,1,192,1123
1/1/2018,9E,DTW,1455,1457,2,1547,-5,50,152
1/1/2018,9E,LAS,1627,1624,-3,1717,-20,53,152
1/1/2018,9E,MSY,1255,1248,-7,1644,-6,176,1149
1/1/2018,9E,EWR,1620,1625,5,1719,-7,54,192
1/1/2018,9E,ORD,600,549,-11,703,-21,74,300
1/1/2018,9E,PHX,1130,1130,"
",1512,-4,162,1107
1/1/2018,9E,DTW,830,1224,234,1501,216,97,533
1/1/2018,9E,MCO,700,653,-7,909,18,136,433
1/1/2018,9E,ORD,945,936,-9,1033,-21,57,152
1/1/2018,9E,RSW,710,659,-11,918,-18,79,302
1/1/2018,9E,FLL,830,828,-2,935,-26,67,332
1/1/2018,9E,MYR,1205,1211,6,1250,-4,39,106
1/1/2018,9E,LAX,1319,1317,-2,1415,-5,58,106
1/1/2018,9E,MCO,1050,1232,102,1403,139,91,83
1/1/2018,9E,MSP,1400,1652,172,1816,179,84,192
1/1/2018,9E,MCO,940,949,9,1118,-6,89,296
1/1/2018,9E,BWI,1535,1607,32,1734,14,87,292
1/1/2018,9E,ATL,830,857,27,1038,24,101,383
1/1/2018,9E,BOS,1345,1409,24,1537,22,88,258
1/1/2018,9E,BOS,1352,1350,-2,1650,-24,120,765
1/1/2018,9E,ACY,1008,952,-16,1129,-23,97,377
1/1/2018,9E,PBI,900,856,-4,1027,4,91,296
1/1/2018,9E,MSY,1255,1247,-8,1424,-14,97,383
1/1/2018,9E,BDL,1339,1449,70,1615,60,86,301
1/1/2018,9E,MSY,1315,1304,-11,1418,-35,74,332
1/1/2018,9E,FLL,925,926,1,1023,-5,117,503
1/1/2018,9E,MCO,1515,1634,79,1911,63,157,852
1/1/2018,9E,ATL,1604,1554,-10,1704,-41,70,228
1/1/2018,9E,DFW,800,752,-8,929,-40,97,648
1/1/2018,9E,MSP,1320,1514,114,1614,92,60,232
1/1/2018,9E,LAS,1120,1252,92,1359,74,67,232
1/1/2018,9E,LGA,918,1035,77,1028,68,53,151
1/1/2018,9E,FLL,955,1118,83,1330,95,72,151
1/1/2018,9E,CLE,700,700,"
",816,1,136,596
1/1/2018,9E,TPA,2000,2241,161,135,135,114,596
1/1/2018,9E,ORD,1559,1552,-7,1656,-23,64,300
1/1/2018,9E,FLL,1800,1752,-8,1911,-17,79,300
1/1/2018,9E,MSY,1615,1633,18,1759,-8,146,812
1/1/2018,9E,SAN,1129,1238,69,1445,36,187,1107
1/1/2018,9E,RSW,1815,1839,24,2027,39,108,254
1/1/2018,9E,LBE,820,859,39,1039,50,160,689
1/1/2018,9E,LAX,1525,1522,-3,1602,-20,40,74
1/1/2018,9E,CLE,1715,1704,-11,1750,-30,46,74
1/1/2018,9E,MCO,900,901,1,1238,-1,157,936
1/1/2018,9E,BWI,715,707,-8,839,-13,92,254
1/1/2018,9E,LAS,2159,2155,-4,2236,-21,41,74
1/1/2018,9E,OAK,1545,1542,-3,1630,-12,48,120
1/1/2018,9E,BWI,1800,1801,1,1907,1,66,120
1/1/2018,9E,OAK,1125,1126,1,1242,-13,76,254
1/1/2018,9E,IAH,1130,1135,5,1348,-2,133,610
1/1/2018,9E,LAS,529,529,"
",730,-20,121,537
1/1/2018,9E,BWI,1600,1718,78,1906,70,108,425
1/1/2018,9E,LAS,1955,1954,-1,2147,-12,113,509
1/1/2018,9E,MCI,1215,1215,"
",1352,"
",97,409
1/1/2018,9E,MCO,1105,1058,-7,1158,-23,60,184
1/1/2018,9E,MSY,1744,1736,-8,1828,-25,112,574
1/1/2018,9E,PBI,1245,1235,-10,1340,-30,65,236
1/1/2018,9E,LGA,910,907,-3,1009,-32,62,236
1/1/2018,9E,FLL,1302,1304,2,1420,-7,76,399
1/1/2018,9E,MCO,1011,1005,-6,1218,59,133,223
1/1/2018,9E,DTW,1320,1338,18,1612,-8,94,574
1/1/2018,9E,IAH,1535,1617,42,1956,66,219,1310
1/1/2018,9E,IAH,1125,1236,71,1531,31,175,1310
1/1/2018,9E,DFW,2155,2151,-4,2308,-9,77,223
1/1/2018,9E,BOS,710,725,15,1118,12,173,1149
1/1/2018,9E,PBI,1730,1847,77,2220,65,153,1020
1/1/2018,9E,DFW,1339,1335,-4,1445,-3,70,95
1/1/2018,9E,LAS,910,923,13,1101,-6,98,449
1/1/2018,9E,LAS,635,628,-7,740,-8,72,74
1/1/2018,9E,PHL,1500,1451,-9,1609,-34,78,431
1/1/2018,9E,IAH,1800,1753,-7,1957,-16,124,541
1/1/2018,9E,LAX,715,710,-5,825,-24,75,198
1/1/2018,9E,IAH,1800,1800,"
",1918,-5,78,198
1/1/2018,9E,FLL,850,844,-6,1105,16,141,585
1/1/2018,9E,ORD,1210,1200,-10,1310,-26,70,296
1/1/2018,9E,RSW,1704,1704,"
",1854,4,110,288
1/1/2018,9E,ORD,930,926,-4,1100,-44,154,888
1/1/2018,9E,ORD,600,604,4,747,-2,103,340
1/1/2018,9E,FLL,1600,1718,78,1854,47,156,888
1/1/2018,9E,ATL,615,611,-4,721,-17,70,207
1/1/2018,9E,ACY,815,902,47,1219,58,137,651
1/1/2018,9E,SEA,1505,1547,42,1713,23,86,386
1/1/2018,9E,BOS,1455,1449,-6,1710,-19,141,945
1/1/2018,9E,FLL,1810,1802,-8,2023,-23,141,945
1/1/2018,9E,SJU,700,657,-3,1031,28,154,616
1/1/2018,9E,ORD,1038,1100,22,1200,20,120,616
1/1/2018,9E,MCO,1320,1433,73,1557,67,84,187
1/1/2018,9E,ATL,1125,1121,-4,1250,-8,89,378
1/1/2018,9E,CLE,1500,1509,9,1630,-5,81,187
1/1/2018,9E,ATL,1345,1353,8,1543,3,110,509
1/1/2018,9E,MCO,1502,1456,-6,1626,-26,90,399
1/1/2018,9E,RSW,1525,1714,109,1809,81,55,236
1/1/2018,9E,ACY,700,650,-10,744,-31,54,175
1/1/2018,9E,LAS,710,706,-4,1030,1,144,888
1/1/2018,9E,PDX,622,620,-2,729,-24,69,236
1/1/2018,9E,FLL,955,1002,7,1233,-19,151,818
1/1/2018,9E,ACY,1910,1912,2,2008,-2,56,152
1/1/2018,9E,LAX,600,557,-3,715,-9,78,229
1/1/2018,9E,PHL,1235,1339,64,1528,63,109,453
1/1/2018,9E,FLL,930,925,-5,1107,-21,162,764
1/1/2018,9E,BWI,1520,1523,3,1656,-21,93,449
1/1/2018,9E,TPA,2200,2156,-4,2253,-6,57,164
1/1/2018,9E,RSW,900,1729,509,1936,496,127,818
1/1/2018,9E,CAK,1230,1330,60,1511,46,101,501
1/1/2018,9E,LAS,705,658,-7,810,-23,72,228
1/1/2018,9E,PIT,615,642,27,813,49,91,164
1/1/2018,9E,LAS,1200,1157,-3,1303,-15,66,201
1/1/2018,9E,SEA,1330,1324,-6,1510,15,106,201
1/1/2018,9E,ORD,1500,1456,-4,1606,-12,70,306
1/1/2018,9E,MYR,835,832,-3,1124,6,112,456
1/1/2018,9E,BWI,2015,2025,10,2136,-15,71,229
1/1/2018,9E,FLL,700,843,103,1008,82,85,377
1/1/2018,9E,MSY,2000,2019,19,2108,-2,109,533
1/1/2018,B6,ACY,1055,1127,32,1519,74,232,1069
1/1/2018,B6,MCO,1110,1138,28,1630,32,232,1598
1/1/2018,B6,BWI,1700,1725,25,2045,37,260,1598
1/1/2018,B6,PHL,725,720,-5,1032,2,192,1065
1/1/2018,B6,LAX,1321,1400,39,1722,62,202,1065
1/1/2018,B6,ACY,1905,1905,0,2135,-8,330,2173
1/1/2018,B6,DTW,2234,2232,-2,618,13,286,2173
1/1/2018,B6,IAH,2101,2103,2,454,-18,291,2465
1/1/2018,B6,TPA,700,651,-9,1503,-23,312,2586
1/1/2018,B6,DTW,1355,1400,5,1502,-2,62,187
1/1/2018,B6,RSW,1610,1616,6,1925,-20,369,2588
1/1/2018,B6,MSP,2100,2059,-1,510,-5,311,2588
1/1/2018,B6,MSP,1032,1059,27,1429,30,210,1197
1/1/2018,B6,LAX,600,600,0,1414,-2,314,2475
1/1/2018,B6,BWI,1036,1103,27,1350,41,167,1005
1/1/2018,B6,IAH,540,554,14,850,23,176,937
1/1/2018,B6,LGA,912,1019,67,1257,69,158,937
1/1/2018,B6,PIT,1445,1510,25,1627,15,77,266
1/1/2018,B6,LAS,1255,1304,9,1437,29,93,266
1/1/2018,B6,MCO,841,832,-9,949,-19,77,402
1/1/2018,B6,DTW,1049,1042,-7,1159,-12,77,402
1/1/2018,B6,FLL,1127,1151,24,1444,29,173,901
1/1/2018,B6,MYR,1455,1530,35,1733,18,123,901
1/1/2018,B6,ACY,636,636,0,1007,8,211,1121
1/1/2018,B6,MSP,709,702,-7,1012,11,190,1121
1/1/2018,B6,PHX,715,713,-2,947,-8,154,1028
1/1/2018,B6,DTW,707,749,42,922,27,93,399
1/1/2018,B6,MSP,1007,1007,0,1122,-8,75,413
1/1/2018,B6,DTW,741,757,16,933,5,96,413
1/1/2018,B6,LGA,1159,1229,30,1732,33,243,1674
1/1/2018,B6,TPA,950,947,-3,1218,-13,151,1035
1/1/2018,B6,MYR,2000,2033,33,2317,8,284,1826
1/1/2018,B6,TPA,2359,11,12,554,2,223,1826
1/1/2018,B6,FLL,700,857,117,1235,119,218,1237
1/1/2018,B6,LAS,2101,2150,49,30,29,160,1237
1/1/2018,B6,ORD,2059,2109,10,2,-28,293,1990
1/1/2018,B6,MCO,2255,2253,-2,505,-6,252,1990
1/1/2018,B6,IAH,926,1006,40,1334,21,148,1182
1/1/2018,B6,ATL,2359,2354,-5,805,-1,311,2411
1/1/2018,B6,BWI,1943,2000,17,2245,-24,345,2411
1/1/2018,B6,RSW,1945,2122,97,2346,86,144,944
1/1/2018,B6,ACY,1648,1730,42,2023,45,173,1011
1/1/2018,B6,FLL,1707,1718,11,2039,11,201,1204
1/1/2018,B6,MCO,1330,1322,-8,1633,6,191,1204
1/1/2018,B6,CAK,1645,1653,8,1949,-16,356,2446
1/1/2018,B6,LAS,2115,2107,-8,501,-19,294,2446
1/1/2018,B6,PHL,2015,2014,-1,2229,-29,255,1626
1/1/2018,B6,LAS,2358,2351,-7,533,-3,222,1626
1/1/2018,B6,ATL,2110,2120,10,452,-5,272,2343
1/1/2018,B6,LAX,1655,1648,-7,2018,30,390,2343
1/1/2018,B6,ATL,1930,1922,-8,2048,-15,86,301
1/1/2018,B6,FLL,1550,1730,100,1958,132,208,740
1/1/2018,B6,MCO,1715,1809,54,2124,66,195,1065
1/1/2018,B6,TPA,1227,1222,-5,1356,10,94,273
1/1/2018,B6,MCO,2245,2315,30,49,51,94,273
1/1/2018,B6,ORD,700,700,0,832,-31,152,867
1/1/2018,B6,FLL,1944,1946,2,2252,-7,126,867
1/1/2018,B6,FLL,536,533,-3,717,18,104,209
1/1/2018,B6,FLL,900,855,-5,1016,-5,81,209
1/1/2018,B6,DTW,1140,1157,17,1313,19,76,187
1/1/2018,B6,CLE,1229,1238,9,1337,3,59,187
1/1/2018,B6,MCO,1458,1618,80,1953,106,215,1073
1/1/2018,B6,BOS,1134,1244,70,1536,78,172,1073
1/1/2018,B6,LAX,847,1034,107,1410,114,216,1197
1/1/2018,B6,DEN,1436,1518,42,1811,29,173,1197
1/1/2018,B6,LAX,710,1021,191,1339,189,378,2475
1/1/2018,B6,ORD,705,700,-5,1513,-7,313,2475
1/1/2018,B6,MSP,1427,1503,36,1621,33,78,369
1/1/2018,B6,TPA,1935,2131,116,101,153,210,937
1/1/2018,B6,MCO,1855,2144,169,1,146,137,937
1/1/2018,B6,BOS,1430,1454,24,1734,18,160,1074
1/1/2018,B6,DFW,1837,1943,66,2212,42,329,2218
1/1/2018,B6,PIT,2220,2305,45,632,27,267,2218
1/1/2018,B6,FLL,1920,1943,23,2310,1,327,2153
1/1/2018,B6,BWI,2248,2243,-5,508,-12,265,2153
1/1/2018,B6,LAS,635,626,-9,736,-22,70,444
1/1/2018,B6,FLL,849,848,-1,1005,-1,77,353
1/1/2018,B6,PBG,650,710,20,820,11,70,353
1/1/2018,B6,ATL,1830,1836,6,2131,-15,355,2378
1/1/2018,B6,MSY,2258,2245,-13,635,-24,290,2378
1/1/2018,B6,BDL,1359,1423,24,1741,41,198,1028
1/1/2018,B6,LAS,1418,1440,22,1603,21,83,413
1/1/2018,B6,ORD,1200,1232,32,1404,22,92,413
1/1/2018,B6,FLL,1104,1055,-9,1210,-15,75,280
1/1/2018,B6,BOS,1815,1849,34,2158,3,369,2521
1/1/2018,B6,LAS,2305,2304,-1,728,11,324,2521
1/1/2018,B6,DFW,1102,1101,-1,1407,0,186,1041
1/1/2018,B6,FLL,1447,1455,8,1718,-11,143,1041
1/1/2018,B6,DFW,1738,1730,-8,2120,-1,230,1249
1/1/2018,B6,LAS,2059,2122,23,16,-23,354,2576
1/1/2018,B6,LGA,2211,2205,-6,639,8,334,2576
1/1/2018,B6,DEN,1701,1752,51,2126,76,214,1237
1/1/2018,B6,FLL,1335,1438,63,1739,61,241,1666
1/1/2018,B6,ORD,1100,1138,38,1432,21,354,2381
1/1/2018,B6,ATL,1846,1910,24,2002,12,52,231
1/1/2018,B6,MSP,1845,1843,-2,1940,-11,57,231
1/1/2018,B6,MSY,1407,1359,-8,1559,25,180,793
1/1/2018,B6,DFW,1615,1644,29,2012,40,148,793
1/1/2018,B6,MCO,1638,1657,19,1846,17,109,612
1/1/2018,B6,OAK,535,528,-7,708,10,100,264
1/1/2018,B6,LAX,900,1052,112,1454,150,422,2446
1/1/2018,B6,OAK,1335,1600,145,6,137,306,2446
1/1/2018,B6,OAK,800,819,19,1126,34,187,1185
1/1/2018,B6,DTW,650,656,6,937,4,161,925
1/1/2018,B6,EWR,1940,1944,4,2252,-16,368,2496
1/1/2018,B6,FLL,630,622,-8,926,28,184,950
1/1/2018,B6,FLL,938,1001,23,1328,35,207,950
1/1/2018,B6,EWR,1507,1639,92,1935,95,176,1069
1/1/2018,B6,FLL,956,958,2,1315,6,197,1065
1/1/2018,B6,PIT,1650,1725,35,2046,42,201,1068
1/1/2018,B6,RSW,732,725,-7,1043,-7,378,2465
1/1/2018,B6,MCO,1035,1043,8,1212,-6,89,541
1/1/2018,B6,CLE,755,758,3,1009,11,131,541
1/1/2018,B6,FLL,2035,2137,62,113,75,216,1197
1/1/2018,B6,ATL,800,752,-8,1057,-4,185,1197
1/1/2018,B6,ATL,845,932,47,1245,29,373,2475
1/1/2018,B6,TPA,830,851,21,1718,29,327,2475
1/1/2018,B6,FLL,2011,2007,-4,2328,9,201,1005
1/1/2018,B6,PIT,822,814,-8,1052,-3,158,1005
1/1/2018,B6,BDL,1700,1817,77,2120,84,183,937
1/1/2018,B6,MCO,1131,1129,-2,1209,-14,100,588
1/1/2018,B6,ATL,807,808,1,1047,-2,99,588
1/1/2018,B6,ATL,530,524,-6,655,-3,91,266
1/1/2018,B6,BWI,2246,2321,35,39,38,78,266
1/1/2018,B6,BWI,2109,2303,114,131,107,148,1050
1/1/2018,B6,DEN,720,750,30,1041,35,171,1023
1/1/2018,B6,LAS,600,553,-7,708,-14,75,353
1/1/2018,B6,LAS,1140,1131,-9,1245,-16,74,353
1/1/2018,B6,LAX,932,1104,92,1439,102,215,1121
1/1/2018,B6,ORD,1100,1205,65,1447,56,162,1121
1/1/2018,B6,SAN,600,550,-10,703,-21,73,399
1/1/2018,B6,ATL,819,914,55,1052,51,98,399
1/1/2018,B6,DTW,2058,2216,78,331,93,255,1674
1/1/2018,B6,DTW,435,434,-1,733,-9,239,1674
1/1/2018,B6,MSY,1830,1833,3,2124,-31,351,2422
1/1/2018,B6,FLL,2251,2241,-10,741,42,360,2422
1/1/2018,B6,TPA,1014,1037,23,1154,19,77,387
1/1/2018,B6,FLL,806,843,37,957,23,74,387
1/1/2018,B6,TPA,525,519,-6,842,-13,203,1237
1/1/2018,B6,FLL,606,626,20,906,7,160,1076
1/1/2018,B6,MSP,800,843,43,1329,39,226,1666
1/1/2018,B6,ATL,1753,1821,28,2202,36,401,2584
1/1/2018,B6,FLL,2238,2305,27,721,20,316,2584
1/1/2018,B6,FLL,906,856,-10,955,-16,59,231
1/1/2018,B6,DTW,1051,1049,-2,1151,-7,62,231
1/1/2018,B6,RSW,1130,1134,4,1556,6,202,1428
1/1/2018,B6,LAS,1740,1807,27,2129,45,202,944
1/1/2018,B6,BOS,2145,2228,43,37,28,129,944
1/1/2018,B6,FLL,750,837,47,1004,52,87,264
1/1/2018,B6,EWR,700,831,91,1153,68,382,2611
1/1/2018,B6,LAS,600,611,11,1419,0,308,2611
1/1/2018,B6,MSP,600,743,103,1047,116,184,944
1/1/2018,B6,ORD,750,746,-4,907,-9,81,399
1/1/2018,B6,BOS,1450,1547,57,1810,49,143,925
1/1/2018,B6,FLL,1536,1535,-1,1815,0,160,925
1/1/2018,B6,MSY,1629,1833,124,2152,133,199,950
1/1/2018,B6,FLL,1700,1754,54,2027,27,153,1069
1/1/2018,B6,IAH,1206,1312,66,1648,96,216,1065
1/1/2018,B6,MCO,835,926,51,1218,52,172,1065
1/1/2018,B6,RSW,1056,1058,2,1206,-4,68,209
1/1/2018,B6,DTW,1941,2004,23,2118,21,74,187
1/1/2018,B6,ORD,550,713,83,828,91,75,187
1/1/2018,B6,DTW,1910,1903,-7,2230,-11,327,2084
1/1/2018,B6,TPA,2331,2326,-5,538,-20,252,2084
1/1/2018,B6,DTW,1752,1918,86,2250,91,212,1197
1/1/2018,B6,LAS,1000,1036,36,1345,25,369,2475
1/1/2018,B6,BOS,1429,1511,42,1834,56,203,1005
1/1/2018,B6,TPA,657,647,-10,930,0,163,1005
1/1/2018,B6,DTW,1135,1129,-6,1500,10,211,1074
1/1/2018,B6,DTW,2200,2218,18,121,-33,363,2704
1/1/2018,B6,TPA,1508,1525,17,1557,8,32,94
1/1/2018,B6,IAG,1624,1632,8,1710,3,38,94
1/1/2018,B6,TPA,1719,1723,4,1829,-6,66,353
1/1/2018,B6,PIT,1517,1526,9,1628,-11,62,353
1/1/2018,B6,LAX,1605,1638,33,1834,19,116,814
1/1/2018,B6,FLL,1555,1619,24,1902,14,163,1121
1/1/2018,B6,MSY,530,521,-9,824,-1,183,1028
1/1/2018,B6,BDL,1843,1850,7,2026,12,96,413
1/1/2018,B6,FLL,1817,1847,30,2046,44,119,413
1/1/2018,B6,FLL,2131,2146,15,547,-2,301,2465
1/1/2018,B6,BWI,1710,1708,-2,2026,-13,378,2465
1/1/2018,B6,MSY,1259,1458,119,1726,97,148,1035
1/1/2018,B6,MCO,1851,2131,160,2248,157,77,387
1/1/2018,B6,FLL,600,558,-2,917,7,199,1076
1/1/2018,B6,RSW,700,657,-3,947,-11,170,992
1/1/2018,B6,IAH,1021,1043,22,1321,18,158,992
1/1/2018,B6,MSY,1308,1301,-7,1415,-1,74,231
1/1/2018,B6,DTW,1926,1947,21,2131,16,104,474
1/1/2018,B6,RSW,1920,2207,167,135,166,208,1185
1/1/2018,B6,DTW,1945,2051,66,2353,77,182,1185
1/1/2018,B6,BWI,815,846,31,1154,46,188,891
1/1/2018,B6,LAS,1030,1030,0,1430,69,240,972
1/1/2018,B6,EWR,1006,1203,117,1420,93,137,946
1/1/2018,B6,LGA,622,831,129,1122,121,171,946
1/1/2018,B6,DTW,1155,1214,19,1432,2,138,950
1/1/2018,B6,LAX,915,945,30,1239,27,234,1368
1/1/2018,B6,FLL,1604,1632,28,1920,17,168,1069
1/1/2018,B6,DTW,910,904,-6,1405,-3,241,1598
1/1/2018,B6,LAS,1230,1350,80,1617,67,147,946
1/1/2018,B6,IAH,1755,1948,113,2303,88,375,2602
1/1/2018,B6,MCO,831,842,11,1122,7,160,965
1/1/2018,B6,MCO,1756,1754,-2,2016,-12,142,965
1/1/2018,B6,DFW,1358,1442,44,1605,55,83,273
1/1/2018,B6,DEN,920,1003,43,1328,18,385,2586
1/1/2018,B6,DFW,2035,2058,23,2211,21,73,187
1/1/2018,B6,LAS,1155,1304,69,2121,64,317,2475
1/1/2018,B6,DEN,1100,1200,60,1550,109,230,1005
1/1/2018,B6,LAS,1836,1923,47,2155,40,152,1005
1/1/2018,B6,LAX,2245,2344,59,204,55,140,937
1/1/2018,B6,PIT,2045,2152,67,53,54,181,1074
1/1/2018,B6,MCO,1102,1102,0,1358,15,176,1074
1/1/2018,B6,FLL,823,822,-1,1104,5,162,857
1/1/2018,B6,LBE,750,803,13,1651,32,348,2704
1/1/2018,B6,TPA,1050,1057,7,1330,0,153,1050
1/1/2018,B6,ORD,1022,1015,-7,1214,12,119,563
1/1/2018,B6,LAX,732,735,3,930,-11,115,563
1/1/2018,B6,ORD,1720,1845,85,2156,94,191,989
1/1/2018,B6,DFW,1341,1338,-3,1451,-7,73,353
1/1/2018,B6,LAX,1958,1951,-7,2101,-15,70,353
1/1/2018,B6,ORD,1102,1135,33,1523,58,228,1121
1/1/2018,B6,DFW,831,828,-3,1208,26,220,1028
1/1/2018,B6,EWR,1741,1833,52,2056,25,143,1028
1/1/2018,B6,TPA,1042,1043,1,1219,-3,96,399
1/1/2018,B6,ORD,848,846,-2,1007,-19,81,280
1/1/2018,B6,MSP,1955,2104,69,2347,57,163,1173
1/1/2018,B6,PHL,730,719,-11,1019,-20,180,1035
1/1/2018,B6,MCO,1255,1513,138,1832,148,259,1674
1/1/2018,B6,EWR,600,609,9,955,4,226,1249
1/1/2018,B6,LAS,1036,1036,0,1316,-21,160,1249
1/1/2018,B6,BWI,2045,2102,17,36,23,214,1237
1/1/2018,B6,ORD,737,732,-5,1020,-20,168,1237
1/1/2018,B6,ATL,1820,1823,3,2200,-7,397,2689
1/1/2018,B6,MSP,2300,2251,-9,719,-9,328,2689
1/1/2018,B6,ATL,745,742,-3,1101,4,199,1072
1/1/2018,B6,ATL,2045,2245,120,121,119,156,1072
1/1/2018,B6,MCO,1635,1640,5,1935,23,175,828
1/1/2018,B6,FLL,1957,2019,22,2217,5,118,828
1/1/2018,B6,LGA,1359,1407,8,1638,-4,151,892
1/1/2018,B6,BWI,1750,1736,-14,1937,-32,121,892
1/1/2018,B6,DTW,1911,2024,73,2336,83,192,944
1/1/2018,B6,BWI,950,1031,41,1133,25,62,264
1/1/2018,B6,MCO,2305,2314,9,35,8,81,264
1/1/2018,B6,LAS,1040,1106,26,1423,3,377,2611
1/1/2018,B6,LAS,1140,1457,197,2325,202,328,2611
1/1/2018,B6,SAN,1143,1154,11,1322,-1,88,399
1/1/2018,B6,TPA,1830,1856,26,2139,21,343,2218
1/1/2018,B6,BOS,2208,2239,31,626,36,287,2218
1/1/2018,B6,TPA,753,815,22,1040,-2,265,1754
1/1/2018,B6,BOS,1139,1129,-10,1702,-26,213,1754
1/1/2018,B6,DTW,1415,1436,21,1742,33,186,972
1/1/2018,B6,MCO,2359,2351,-8,805,-3,314,2496
1/1/2018,B6,DTW,2101,17,196,301,190,164,950
1/1/2018,B6,MCI,1154,1236,42,1453,36,137,891
1/1/2018,B6,MCO,952,946,-6,1228,-12,162,1069
1/1/2018,B6,ATL,2118,2113,-5,537,5,324,2602
1/1/2018,B6,LAS,1550,1648,58,1755,44,67,273
1/1/2018,B6,MSY,1033,1025,-8,1151,5,86,273
1/1/2018,B6,DFW,1555,2002,247,2211,245,189,1105
1/1/2018,B6,TPA,1134,1538,244,1914,248,156,1105
1/1/2018,B6,RSW,1504,1458,-6,2259,-18,301,2465
1/1/2018,B6,ORD,655,650,-5,817,-17,87,395
1/1/2018,B6,LAX,1338,1407,29,2227,22,320,2586
1/1/2018,B6,DFW,705,714,9,858,40,104,187
1/1/2018,B6,BDL,1405,1509,64,1905,93,236,1197
1/1/2018,B6,IAH,1811,1954,103,2239,87,165,1197
1/1/2018,B6,IAH,1235,1239,4,1544,-6,365,2475
1/1/2018,B6,TPA,1315,1315,0,2134,1,319,2475
1/1/2018,B6,BWI,652,653,1,1019,27,206,1005
1/1/2018,B6,FLL,1725,1737,12,2026,14,349,2269
1/1/2018,B6,DTW,2107,2119,12,448,-2,269,2269
1/1/2018,B6,LGA,1910,1905,-5,1942,-21,97,588
1/1/2018,B6,IAH,1545,1539,-6,1812,-16,93,588
1/1/2018,B6,SAN,1410,1426,16,1808,44,222,1111
1/1/2018,B6,MCO,1422,1428,6,2304,12,336,2704
1/1/2018,B6,LBE,1945,1945,0,2258,-2,193,1118
1/1/2018,B6,LAX,1605,1600,-5,1859,-7,179,1118
1/1/2018,B6,DFW,1718,1825,67,2245,143,260,1050
1/1/2018,B6,LAX,1458,1519,21,1845,46,206,1023
1/1/2018,B6,DFW,1810,1912,62,2135,44,143,1032
1/1/2018,B6,ATL,1259,1322,23,1603,34,161,814
1/1/2018,B6,PHL,1937,2011,34,2237,51,206,1237
1/1/2018,B6,MCO,2000,2053,53,35,80,222,1028
1/1/2018,B6,MSY,700,717,17,1119,0,182,1182
1/1/2018,B6,EWR,1215,1206,-9,1558,12,172,1046
1/1/2018,B6,MSP,1815,1828,13,2013,8,165,1046
1/1/2018,B6,MCO,2055,2117,22,2338,31,201,1182
1/1/2018,B6,SJU,837,933,56,1256,45,203,1237
1/1/2018,B6,DTW,1357,1406,9,1752,48,226,1237
1/1/2018,B6,MCI,645,649,4,954,14,185,997
1/1/2018,B6,DFW,1020,1042,22,1316,14,154,997
1/1/2018,B6,ORD,1429,1431,2,1727,23,236,1182
1/1/2018,B6,DFW,1739,1807,28,2141,11,154,1182
1/1/2018,B6,DEN,854,842,-12,1246,21,424,2584
1/1/2018,B6,IAH,807,759,-8,1604,-22,305,2584
1/1/2018,B6,MCO,1429,1448,19,1755,8,247,1428
1/1/2018,B6,MCO,700,737,37,1057,57,200,944
1/1/2018,B6,MCI,1535,1551,16,1840,29,169,944
1/1/2018,B6,LGA,1549,1703,74,1821,71,78,264
1/1/2018,B6,LGA,859,842,-17,1046,-31,124,634
1/1/2018,B6,LGA,1345,1338,-7,1456,-12,78,399
1/1/2018,B6,MYR,850,1054,124,1344,87,350,2496
1/1/2018,B6,ORD,1307,1437,90,2302,105,325,2496
1/1/2018,B6,ORD,545,542,-3,846,-6,184,1069
1/1/2018,B6,BWI,2359,2355,-4,628,-15,273,2300
1/1/2018,B6,RSW,1750,1752,2,2120,-37,328,2300
1/1/2018,B6,BOS,1320,1318,-2,1557,-18,159,1068
1/1/2018,B6,RSW,715,739,24,1111,17,392,2588
1/1/2018,B6,DTW,1204,1217,13,2048,21,331,2588
1/1/2018,B6,IAH,1330,1320,-10,1703,7,403,2475
1/1/2018,B6,DFW,1430,1450,20,2313,29,323,2475
1/1/2018,B6,ACY,2313,50,97,417,83,147,1129
1/1/2018,B6,ACY,414,412,-2,618,9,186,1129
1/1/2018,B6,LAX,1420,1522,62,1727,48,125,857
1/1/2018,B6,MSY,1859,1852,-7,2039,-1,107,563
1/1/2018,B6,LAX,1618,1612,-6,1806,-18,114,563
1/1/2018,B6,LAS,1115,1127,12,1452,39,205,1023
1/1/2018,B6,MSY,1310,1341,31,1618,8,157,1023
1/1/2018,B6,LAX,1830,1911,41,2137,42,146,805
1/1/2018,B6,RSW,1535,1552,17,1811,19,139,805
1/1/2018,B6,BDL,1932,2007,35,2305,-4,298,2105
1/1/2018,B6,RSW,2359,2355,-4,618,-9,263,2105
1/1/2018,B6,CLE,700,657,-3,1042,-6,165,1237
1/1/2018,B6,DEN,730,725,-5,1128,42,243,1053
1/1/2018,B6,DFW,1938,2006,28,2249,30,163,1053
1/1/2018,B6,FLL,713,743,30,1053,44,190,1062
1/1/2018,B6,DFW,2016,2017,1,2307,-7,170,1062
1/1/2018,B6,PHX,1630,1621,-9,1740,-9,79,280
1/1/2018,B6,DTW,750,756,6,1130,-6,214,1249
1/1/2018,B6,DEN,2205,2306,61,248,50,162,1179
1/1/2018,B6,EWR,307,258,-9,453,-19,175,1179
1/1/2018,B6,DTW,1730,1725,-5,2039,-31,374,2569
1/1/2018,B6,MSY,2200,2154,-6,623,-2,329,2569
1/1/2018,B6,CLT,1758,1820,22,2101,6,161,1076
1/1/2018,B6,CLT,624,618,-6,911,25,233,1182
1/1/2018,B6,SAV,810,824,14,1113,26,169,828
1/1/2018,B6,EVV,1127,1207,40,1417,40,130,828
1/1/2018,B6,CLT,2031,2020,-11,2114,-21,54,231
1/1/2018,B6,EWN,1659,1729,30,1830,24,61,231
1/1/2018,B6,CAK,2151,2208,17,2334,18,86,474
1/1/2018,B6,CLT,738,730,-8,1016,8,166,944
1/1/2018,B6,CLT,1352,1502,70,1624,70,82,264
1/1/2018,B6,CVG,1845,1909,24,2256,24,407,2611
1/1/2018,B6,CAK,2345,2359,14,816,5,317,2611
1/1/2018,B6,CLT,2112,212,300,430,292,138,925
1/1/2018,B6,GNV,1715,1730,15,1954,-4,144,946
1/1/2018,B6,CVG,1332,1337,5,1644,15,187,946
1/1/2018,B6,CLT,1920,2110,110,2324,86,134,950
1/1/2018,B6,CLT,929,926,-3,1048,-13,82,313
1/1/2018,B6,FAY,800,801,1,1546,1,285,2343
1/1/2018,B6,CLT,904,856,-8,1203,0,367,2343
1/1/2018,B6,CLT,1146,1229,43,1350,40,81,301
1/1/2018,B6,MOB,1655,1650,-5,2039,33,229,1065
1/1/2018,B6,CLT,2020,2108,48,3,45,175,1065
1/1/2018,B6,ORF,1759,1820,21,2050,-9,330,2248
1/1/2018,B6,OMA,1852,2025,93,56,94,211,1562
1/1/2018,B6,LGA,1712,1704,-8,1903,7,119,634
1/1/2018,B6,PIT,909,952,43,1057,35,65,187
1/1/2018,B6,ATL,2246,238,232,332,218,54,187
1/1/2018,B6,CLT,1435,1506,31,1659,15,113,759
1/1/2018,B6,CLT,2108,2059,-9,2206,-14,67,324
1/1/2018,B6,CLT,610,559,-11,730,-23,91,369
1/1/2018,B6,JAN,600,552,-8,805,-25,133,937
1/1/2018,B6,CLT,840,854,14,1014,14,80,184
1/1/2018,B6,MYR,1400,1442,42,1835,50,173,1189
1/1/2018,B6,CLT,600,658,58,813,52,75,354
1/1/2018,B6,SAV,1040,1041,1,1153,-18,72,354
1/1/2018,B6,CAK,700,1025,205,1349,224,204,1050
1/1/2018,B6,DCA,1145,1206,21,1558,37,232,1220
1/1/2018,B6,DAY,2350,2347,-3,431,-10,224,1617
1/1/2018,B6,CLT,552,548,-4,911,12,263,1617
1/1/2018,B6,SAV,1300,1306,6,2113,22,307,2248
1/1/2018,B6,CLT,2227,2227,0,130,5,183,1028
1/1/2018,B6,CLT,1615,1815,120,2100,116,165,1028
1/1/2018,B6,LEX,2050,2036,-14,2148,-17,72,280
1/1/2018,B6,CLT,1600,1549,-11,1905,-11,196,1035
1/1/2018,B6,LYH,2359,9,10,354,5,165,1179
1/1/2018,B6,CLT,500,718,138,934,147,196,1179
1/1/2018,B6,MHT,1000,1014,14,1318,15,184,944
1/1/2018,B6,MDT,1719,1734,15,1850,-1,76,399
1/1/2018,B6,CLT,545,539,-6,1033,21,234,1521
1/1/2018,B6,CVG,945,1014,29,1339,30,265,1521
1/1/2018,B6,CLT,1939,1941,2,2207,-14,146,946
1/1/2018,B6,TRI,1555,1556,1,1847,-8,171,946
1/1/2018,B6,DSM,1855,2206,191,55,182,289,1931
1/1/2018,B6,CLT,2245,135,170,735,158,240,1931
1/1/2018,B6,JAX,910,904,-6,1225,-15,201,1068
1/1/2018,B6,CLT,557,548,-9,844,-1,176,1068
1/1/2018,B6,CLT,1840,2051,131,2352,127,181,1097
1/1/2018,B6,LEX,1905,1910,5,2148,-11,158,1097
1/1/2018,B6,LGA,1620,1657,37,1827,30,90,395
1/1/2018,B6,CLT,910,901,-9,1012,-20,71,395
1/1/2018,B6,CLT,1652,1657,5,2027,6,210,1197
1/1/2018,B6,CLT,1958,2017,19,2301,4,164,1197
1/1/2018,B6,STL,1136,1128,-8,1421,21,173,759
1/1/2018,B6,CLT,1853,1940,47,2136,37,116,759
1/1/2018,B6,TRI,841,900,19,1013,16,73,324
1/1/2018,B6,ORD,650,715,25,819,18,64,324
1/1/2018,B6,CLT,1608,1826,138,2051,116,145,937
1/1/2018,B6,CVG,1136,1149,13,1249,-6,60,184
1/1/2018,B6,CLT,1359,1350,-9,1446,-26,56,184
1/1/2018,B6,ILM,1825,1833,8,2155,-30,382,2704
1/1/2018,B6,MKE,2030,2018,-12,441,-17,323,2704
1/1/2018,B6,CLT,605,601,-4,853,-7,232,1576
1/1/2018,B6,HSV,2359,2400,1,442,-3,222,1576
1/1/2018,B6,CLT,719,730,11,1001,19,151,718
1/1/2018,B6,CLT,1025,1041,16,1227,7,106,718
1/1/2018,B6,SAV,1359,1529,90,1758,75,149,989
1/1/2018,B6,CLT,1850,1918,28,2037,18,79,399
1/1/2018,B6,CVG,620,617,-3,739,-3,82,280
1/1/2018,B6,CRW,700,915,135,1410,122,235,1674
1/1/2018,B6,MYR,1748,1821,33,2133,34,252,1674
1/1/2018,B6,CVG,1055,1108,13,1509,31,241,1249
1/1/2018,B6,CLT,700,702,2,952,-8,170,1249
1/1/2018,B6,IAD,1940,2016,36,2250,-2,334,2381
1/1/2018,B6,AVP,2342,2344,2,750,13,306,2381
1/1/2018,B6,CLT,1456,1534,38,1632,31,58,231
1/1/2018,B6,CLT,718,710,-8,809,-17,59,231
1/1/2018,B6,MGM,750,750,0,933,0,103,427
1/1/2018,B6,CRW,1015,1021,6,1144,0,83,427
1/1/2018,B6,CLT,1815,1825,10,2016,18,111,444
1/1/2018,B6,MLB,610,601,-9,949,6,228,1185
1/1/2018,B6,CLT,1021,1020,-1,1253,-19,153,1185
1/1/2018,B6,CLT,728,756,28,1104,22,188,1069
1/1/2018,B6,CLT,1023,1022,-1,1338,-12,196,1180
1/1/2018,B6,TYS,1530,1547,17,1834,12,167,1180
1/1/2018,B6,CLT,2100,2222,82,133,92,191,1065
1/1/2018,B6,CLT,1043,1042,-1,1339,-15,117,740
1/1/2018,B6,GNV,830,826,-4,1146,4,200,1097
1/1/2018,B6,CLT,747,745,-2,1111,31,206,1097
1/1/2018,B6,TLH,1545,1544,-1,1909,-29,385,2586
1/1/2018,B6,HVN,2048,2051,3,511,-1,320,2586
1/1/2018,B6,PHL,538,549,11,705,12,76,187
1/1/2018,B6,FAY,2116,2210,54,117,55,187,1005
1/1/2018,B6,AVL,1032,1022,-10,1348,23,206,937
1/1/2018,B6,CLT,1218,1328,70,1600,61,152,937
1/1/2018,B6,DCA,700,656,-4,1013,-8,197,1074
1/1/2018,B6,PVD,1212,1204,-8,1439,-20,155,1074
1/1/2018,B6,CLT,1828,1838,10,2306,7,208,1609
1/1/2018,B6,CLT,2145,2230,45,216,47,166,1189
1/1/2018,B6,OAJ,635,634,-1,835,-7,181,1189
1/1/2018,B6,AVP,1107,1209,62,1501,60,232,1576
1/1/2018,B6,CLT,530,637,67,1114,64,217,1576
1/1/2018,B6,CLT,1559,1629,30,1914,14,165,1220
1/1/2018,B6,IND,1840,1845,5,2149,14,364,2327
1/1/2018,B6,PHF,2115,2206,51,534,38,268,2327
1/1/2018,B6,DCA,2210,2201,-9,606,10,305,2248
1/1/2018,B6,HPN,1330,1338,8,1733,42,235,1121
1/1/2018,B6,CLT,1525,1618,53,1858,39,160,1121
1/1/2018,B6,CLT,2230,2240,10,216,15,156,1046
1/1/2018,B6,HSV,530,525,-5,709,-6,164,1046
1/1/2018,B6,CLT,815,811,-4,1138,2,207,1173
1/1/2018,B6,DCA,2359,9,10,508,8,239,1674
1/1/2018,B6,CLT,308,320,12,619,4,239,1674
1/1/2018,B6,CLT,1958,2011,13,2252,-3,161,1249
1/1/2018,B6,CLT,1046,1142,56,1349,53,127,667
1/1/2018,B6,GSP,817,936,79,1110,59,94,667
1/1/2018,B6,CHS,945,956,11,1303,-6,187,1076
1/1/2018,B6,CLT,1343,1413,30,1700,25,167,992
1/1/2018,B6,CHS,2052,42,230,254,204,132,992
1/1/2018,B6,SDF,2158,2202,4,56,8,174,944
1/1/2018,B6,CLT,1352,1723,211,1904,204,101,612
1/1/2018,B6,SDF,2123,2128,5,33,-29,365,2611
1/1/2018,B6,LEX,1530,1535,5,2351,-1,316,2611
1/1/2018,B6,CLT,1745,2026,161,2157,143,91,399
1/1/2018,B6,GSP,646,640,-6,912,-5,152,944
1/1/2018,B6,CLT,1306,1334,28,1630,31,176,1185
1/1/2018,B6,IAD,1855,1849,-6,2111,-32,262,1754
1/1/2018,B6,CLT,2235,2224,-11,409,-11,225,1754
1/1/2018,B6,CLT,700,653,-7,929,-13,156,946
1/1/2018,B6,LGA,2050,2257,127,144,115,167,946
1/1/2018,B6,CLT,2140,2129,-11,2256,-6,87,301
1/1/2018,B6,CID,1431,1428,-3,1700,-16,152,965
1/1/2018,B6,CLT,1155,1208,13,1450,18,162,965
1/1/2018,B6,SAV,1705,1709,4,1844,-25,155,867
1/1/2018,B6,CLT,940,950,10,1247,-4,117,867
1/1/2018,B6,MEM,1800,1801,1,2107,-11,366,2465
1/1/2018,B6,DCA,708,700,-8,808,-18,68,319
1/1/2018,B6,CAK,830,823,-7,935,-10,72,319
1/1/2018,B6,CLT,600,552,-8,935,39,223,1197
1/1/2018,B6,TYS,1901,1934,33,2251,86,197,759
1/1/2018,B6,DCA,708,712,4,1050,4,278,1609
1/1/2018,B6,DCA,600,643,43,1029,46,166,1189
1/1/2018,B6,CLT,1030,1114,44,1328,47,194,1189
1/1/2018,B6,CLT,1005,1001,-4,1036,-9,35,68
1/1/2018,B6,ILM,1846,2256,250,331,241,215,1698
1/1/2018,B6,DTW,700,1122,262,1453,240,271,1698
1/1/2018,B6,CLT,1555,1554,-1,1817,-7,143,718
1/1/2018,B6,CLT,1905,1908,3,2105,-9,117,718
1/1/2018,B6,ILM,926,927,1,1255,25,208,1023
1/1/2018,B6,CLT,1720,1740,20,2009,-7,149,1023
1/1/2018,B6,CLT,715,718,3,1039,-6,141,1046
1/1/2018,B6,RIC,1410,1417,7,1535,-14,78,280
1/1/2018,B6,CLT,1035,1059,24,1423,38,204,1035
1/1/2018,B6,IAD,1409,1502,53,1736,37,154,1035
1/1/2018,B6,CLT,1535,1535,0,1922,5,227,1249
1/1/2018,B6,CLT,1518,1555,37,1912,44,197,1249
1/1/2018,B6,STL,700,652,-8,941,-3,169,1056
1/1/2018,B6,CHS,1045,1249,124,1547,114,178,1237
1/1/2018,B6,CLT,1732,2003,151,2321,161,198,1072
1/1/2018,B6,OAJ,1410,1652,162,1919,147,147,1072
